"","sl_cup_glmnet_2.coef","sl_cup_glmnet_2.cvRisk","sl_cup_glmnet_2.times.train.3."
"glmnet_0_100_TRUE_All",0.0360063407346103,3.72781989892039,460.959000000001
"glmnet_0.1_100_TRUE_All",0,3.69621392412913,460.959000000001
"glmnet_0.2_100_TRUE_All",0.96399365926539,3.69596591545934,460.959000000001
"glmnet_0.3_100_TRUE_All",0,3.69657265890626,460.959000000001
"glmnet_0.4_100_TRUE_All",0,3.69631727327963,460.959000000001
"glmnet_0.5_100_TRUE_All",0,3.69659819967213,460.959000000001
"glmnet_0.6_100_TRUE_All",0,3.6966305092317,460.959000000001
"glmnet_0.7_100_TRUE_All",0,3.69675745073886,460.959000000001
"glmnet_0.8_100_TRUE_All",0,3.69686351169716,460.959000000001
"glmnet_0.9_100_TRUE_All",0,3.69711732691538,460.959000000001
"glmnet_1_100_TRUE_All",0,3.69722179936677,460.959000000001
"glmnet_0_200_TRUE_All",0,3.72806487981977,460.959000000001
"glmnet_0.1_200_TRUE_All",0,3.69629649654887,460.959000000001
"glmnet_0.2_200_TRUE_All",0,3.69706720102451,460.959000000001
"glmnet_0.3_200_TRUE_All",0,3.69683101140338,460.959000000001
"glmnet_0.4_200_TRUE_All",0,3.69691667994993,460.959000000001
"glmnet_0.5_200_TRUE_All",0,3.69705139802361,460.959000000001
"glmnet_0.6_200_TRUE_All",0,3.69726299149175,460.959000000001
"glmnet_0.7_200_TRUE_All",0,3.69721922129543,460.959000000001
"glmnet_0.8_200_TRUE_All",0,3.69765207571708,460.959000000001
"glmnet_0.9_200_TRUE_All",0,3.69771543778826,460.959000000001
"glmnet_1_200_TRUE_All",0,3.69783987121171,460.959000000001
"glmnet_0_300_TRUE_All",0,3.72814793732231,460.959000000001
"glmnet_0.1_300_TRUE_All",0,3.69706226515573,460.959000000001
"glmnet_0.2_300_TRUE_All",0,3.69776724121747,460.959000000001
"glmnet_0.3_300_TRUE_All",0,3.697698841698,460.959000000001
"glmnet_0.4_300_TRUE_All",0,3.69782587217562,460.959000000001
"glmnet_0.5_300_TRUE_All",0,3.69812413973889,460.959000000001
"glmnet_0.6_300_TRUE_All",0,3.69862781444024,460.959000000001
"glmnet_0.7_300_TRUE_All",0,3.69871770168102,460.959000000001
"glmnet_0.8_300_TRUE_All",0,3.69923268500268,460.959000000001
"glmnet_0.9_300_TRUE_All",0,3.69935241362592,460.959000000001
"glmnet_1_300_TRUE_All",0,3.69939087678126,460.959000000001
"glmnet_0_400_TRUE_All",0,3.72816035739684,460.959000000001
"glmnet_0.1_400_TRUE_All",0,3.69687774438002,460.959000000001
"glmnet_0.2_400_TRUE_All",0,3.69790257515046,460.959000000001
"glmnet_0.3_400_TRUE_All",0,3.69846378491375,460.959000000001
"glmnet_0.4_400_TRUE_All",0,3.69867435163346,460.959000000001
"glmnet_0.5_400_TRUE_All",0,3.69920369666299,460.959000000001
"glmnet_0.6_400_TRUE_All",0,3.69961710705177,460.959000000001
"glmnet_0.7_400_TRUE_All",0,3.69984193738433,460.959000000001
"glmnet_0.8_400_TRUE_All",0,3.70016617581378,460.959000000001
"glmnet_0.9_400_TRUE_All",0,3.70022390416102,460.959000000001
"glmnet_1_400_TRUE_All",0,3.70026261708983,460.959000000001
"glmnet_0_500_TRUE_All",0,3.72820869649536,460.959000000001
"glmnet_0.1_500_TRUE_All",0,3.69729117806038,460.959000000001
"glmnet_0.2_500_TRUE_All",0,3.69796997092107,460.959000000001
"glmnet_0.3_500_TRUE_All",0,3.69912159544361,460.959000000001
"glmnet_0.4_500_TRUE_All",0,3.69947589578208,460.959000000001
"glmnet_0.5_500_TRUE_All",0,3.69989308716604,460.959000000001
"glmnet_0.6_500_TRUE_All",0,3.70034767500022,460.959000000001
"glmnet_0.7_500_TRUE_All",0,3.70048054666069,460.959000000001
"glmnet_0.8_500_TRUE_All",0,3.70090272374167,460.959000000001
"glmnet_0.9_500_TRUE_All",0,3.70096604838454,460.959000000001
"glmnet_1_500_TRUE_All",0,3.70128527400515,460.959000000001
"glmnet_0_600_TRUE_All",0,3.72821627193485,460.959000000001
"glmnet_0.1_600_TRUE_All",0,3.69776662551044,460.959000000001
"glmnet_0.2_600_TRUE_All",0,3.69861882176457,460.959000000001
"glmnet_0.3_600_TRUE_All",0,3.69937397506521,460.959000000001
"glmnet_0.4_600_TRUE_All",0,3.70036987904995,460.959000000001
"glmnet_0.5_600_TRUE_All",0,3.70038995901086,460.959000000001
"glmnet_0.6_600_TRUE_All",0,3.70078375724641,460.959000000001
"glmnet_0.7_600_TRUE_All",0,3.70131794426633,460.959000000001
"glmnet_0.8_600_TRUE_All",0,3.70143934393706,460.959000000001
"glmnet_0.9_600_TRUE_All",0,3.70167707879943,460.959000000001
"glmnet_1_600_TRUE_All",0,3.70186070543989,460.959000000001
"glmnet_0_700_TRUE_All",0,3.72821420869229,460.959000000001
"glmnet_0.1_700_TRUE_All",0,3.69835693001713,460.959000000001
"glmnet_0.2_700_TRUE_All",0,3.69923779843564,460.959000000001
"glmnet_0.3_700_TRUE_All",0,3.6997920768297,460.959000000001
"glmnet_0.4_700_TRUE_All",0,3.70011475748793,460.959000000001
"glmnet_0.5_700_TRUE_All",0,3.70039202380374,460.959000000001
"glmnet_0.6_700_TRUE_All",0,3.70107606749985,460.959000000001
"glmnet_0.7_700_TRUE_All",0,3.7023743913805,460.959000000001
"glmnet_0.8_700_TRUE_All",0,3.70235064323469,460.959000000001
"glmnet_0.9_700_TRUE_All",0,3.70264281016022,460.959000000001
"glmnet_1_700_TRUE_All",0,3.70270631194384,460.959000000001
"glmnet_0_800_TRUE_All",0,3.72821266649352,460.959000000001
"glmnet_0.1_800_TRUE_All",0,3.69884137539695,460.959000000001
"glmnet_0.2_800_TRUE_All",0,3.699829203255,460.959000000001
"glmnet_0.3_800_TRUE_All",0,3.70039359340851,460.959000000001
"glmnet_0.4_800_TRUE_All",0,3.70072677580486,460.959000000001
"glmnet_0.5_800_TRUE_All",0,3.70105531103097,460.959000000001
"glmnet_0.6_800_TRUE_All",0,3.70144233107457,460.959000000001
"glmnet_0.7_800_TRUE_All",0,3.70176308291944,460.959000000001
"glmnet_0.8_800_TRUE_All",0,3.70287028637177,460.959000000001
"glmnet_0.9_800_TRUE_All",0,3.70292467568431,460.959000000001
"glmnet_1_800_TRUE_All",0,3.70377856994924,460.959000000001
"glmnet_0_900_TRUE_All",0,3.72826305620975,460.959000000001
"glmnet_0.1_900_TRUE_All",0,3.69947233198639,460.959000000001
"glmnet_0.2_900_TRUE_All",0,3.70046481902579,460.959000000001
"glmnet_0.3_900_TRUE_All",0,3.70112675286197,460.959000000001
"glmnet_0.4_900_TRUE_All",0,3.7014622953481,460.959000000001
"glmnet_0.5_900_TRUE_All",0,3.70183306639501,460.959000000001
"glmnet_0.6_900_TRUE_All",0,3.70212569511428,460.959000000001
"glmnet_0.7_900_TRUE_All",0,3.70239193452842,460.959000000001
"glmnet_0.8_900_TRUE_All",0,3.70300764146516,460.959000000001
"glmnet_0.9_900_TRUE_All",0,3.70277510932444,460.959000000001
"glmnet_1_900_TRUE_All",0,3.70415533934026,460.959000000001
"glmnet_0_1000_TRUE_All",0,3.72820562582393,460.959000000001
"glmnet_0.1_1000_TRUE_All",0,3.70002769859153,460.959000000001
"glmnet_0.2_1000_TRUE_All",0,3.7011520819266,460.959000000001
"glmnet_0.3_1000_TRUE_All",0,3.70175629021358,460.959000000001
"glmnet_0.4_1000_TRUE_All",0,3.70220216084363,460.959000000001
"glmnet_0.5_1000_TRUE_All",0,3.70249338362773,460.959000000001
"glmnet_0.6_1000_TRUE_All",0,3.70288352260632,460.959000000001
"glmnet_0.7_1000_TRUE_All",0,3.70319156289641,460.959000000001
"glmnet_0.8_1000_TRUE_All",0,3.703457632608,460.959000000001
"glmnet_0.9_1000_TRUE_All",0,3.70366363469995,460.959000000001
"glmnet_1_1000_TRUE_All",0,3.70375404889602,460.959000000001
"glmnet_0_100_FALSE_All",0,3.91940438881208,460.959000000001
"glmnet_0.1_100_FALSE_All",0,3.86385470524054,460.959000000001
"glmnet_0.2_100_FALSE_All",0,3.87759127399621,460.959000000001
"glmnet_0.3_100_FALSE_All",0,3.87025191161864,460.959000000001
"glmnet_0.4_100_FALSE_All",0,3.87516886028841,460.959000000001
"glmnet_0.5_100_FALSE_All",0,3.86475791703413,460.959000000001
"glmnet_0.6_100_FALSE_All",0,3.86481211908401,460.959000000001
"glmnet_0.7_100_FALSE_All",0,3.8637550350207,460.959000000001
"glmnet_0.8_100_FALSE_All",0,3.87680777518965,460.959000000001
"glmnet_0.9_100_FALSE_All",0,3.88561994361353,460.959000000001
"glmnet_1_100_FALSE_All",0,3.88431341373923,460.959000000001
"glmnet_0_200_FALSE_All",0,3.91205186963876,460.959000000001
"glmnet_0.1_200_FALSE_All",0,3.88775166097593,460.959000000001
"glmnet_0.2_200_FALSE_All",0,3.87373575635399,460.959000000001
"glmnet_0.3_200_FALSE_All",0,3.90528781026454,460.959000000001
"glmnet_0.4_200_FALSE_All",0,3.88537376374737,460.959000000001
"glmnet_0.5_200_FALSE_All",0,3.89763600003612,460.959000000001
"glmnet_0.6_200_FALSE_All",0,3.87915461770044,460.959000000001
"glmnet_0.7_200_FALSE_All",0,3.86284385300815,460.959000000001
"glmnet_0.8_200_FALSE_All",0,3.87444037894328,460.959000000001
"glmnet_0.9_200_FALSE_All",0,3.87676116550661,460.959000000001
"glmnet_1_200_FALSE_All",0,3.88158645712662,460.959000000001
"glmnet_0_300_FALSE_All",0,3.9162826524385,460.959000000001
"glmnet_0.1_300_FALSE_All",0,3.89816570358978,460.959000000001
"glmnet_0.2_300_FALSE_All",0,3.8842193371803,460.959000000001
"glmnet_0.3_300_FALSE_All",0,3.89835632280879,460.959000000001
"glmnet_0.4_300_FALSE_All",0,3.87382039886531,460.959000000001
"glmnet_0.5_300_FALSE_All",0,3.87804173598374,460.959000000001
"glmnet_0.6_300_FALSE_All",0,3.8906014577308,460.959000000001
"glmnet_0.7_300_FALSE_All",0,3.90528477810579,460.959000000001
"glmnet_0.8_300_FALSE_All",0,3.85105547126338,460.959000000001
"glmnet_0.9_300_FALSE_All",0,3.88126926977542,460.959000000001
"glmnet_1_300_FALSE_All",0,3.86711732304458,460.959000000001
"glmnet_0_400_FALSE_All",0,3.89556416060775,460.959000000001
"glmnet_0.1_400_FALSE_All",0,3.86240156423435,460.959000000001
"glmnet_0.2_400_FALSE_All",0,3.86176459035137,460.959000000001
"glmnet_0.3_400_FALSE_All",0,3.88974111775338,460.959000000001
"glmnet_0.4_400_FALSE_All",0,3.9086486831226,460.959000000001
"glmnet_0.5_400_FALSE_All",0,3.88088824818648,460.959000000001
"glmnet_0.6_400_FALSE_All",0,3.87974803290289,460.959000000001
"glmnet_0.7_400_FALSE_All",0,3.87783879515292,460.959000000001
"glmnet_0.8_400_FALSE_All",0,3.86958407358325,460.959000000001
"glmnet_0.9_400_FALSE_All",0,3.88196094906599,460.959000000001
"glmnet_1_400_FALSE_All",0,3.90650584821382,460.959000000001
"glmnet_0_500_FALSE_All",0,3.91348170064328,460.959000000001
"glmnet_0.1_500_FALSE_All",0,3.87166733414911,460.959000000001
"glmnet_0.2_500_FALSE_All",0,3.89245142511662,460.959000000001
"glmnet_0.3_500_FALSE_All",0,3.87294202540278,460.959000000001
"glmnet_0.4_500_FALSE_All",0,3.88685731977189,460.959000000001
"glmnet_0.5_500_FALSE_All",0,3.8927549014493,460.959000000001
"glmnet_0.6_500_FALSE_All",0,3.90509760141396,460.959000000001
"glmnet_0.7_500_FALSE_All",0,3.90152761140893,460.959000000001
"glmnet_0.8_500_FALSE_All",0,3.85086717394325,460.959000000001
"glmnet_0.9_500_FALSE_All",0,3.86590152819622,460.959000000001
"glmnet_1_500_FALSE_All",0,3.92883790871983,460.959000000001
"glmnet_0_600_FALSE_All",0,3.93719222568609,460.959000000001
"glmnet_0.1_600_FALSE_All",0,3.89261837567558,460.959000000001
"glmnet_0.2_600_FALSE_All",0,3.88770376810517,460.959000000001
"glmnet_0.3_600_FALSE_All",0,3.85799429973755,460.959000000001
"glmnet_0.4_600_FALSE_All",0,3.90054622672257,460.959000000001
"glmnet_0.5_600_FALSE_All",0,3.8935240619236,460.959000000001
"glmnet_0.6_600_FALSE_All",0,3.89932794369852,460.959000000001
"glmnet_0.7_600_FALSE_All",0,3.88883078157869,460.959000000001
"glmnet_0.8_600_FALSE_All",0,3.883636243588,460.959000000001
"glmnet_0.9_600_FALSE_All",0,3.88642331529374,460.959000000001
"glmnet_1_600_FALSE_All",0,3.88058021752258,460.959000000001
"glmnet_0_700_FALSE_All",0,3.89664820565907,460.959000000001
"glmnet_0.1_700_FALSE_All",0,3.89635565697468,460.959000000001
"glmnet_0.2_700_FALSE_All",0,3.8932053572803,460.959000000001
"glmnet_0.3_700_FALSE_All",0,3.8814338619536,460.959000000001
"glmnet_0.4_700_FALSE_All",0,3.85920543034405,460.959000000001
"glmnet_0.5_700_FALSE_All",0,3.87716579055301,460.959000000001
"glmnet_0.6_700_FALSE_All",0,3.88263177897342,460.959000000001
"glmnet_0.7_700_FALSE_All",0,3.88722708333756,460.959000000001
"glmnet_0.8_700_FALSE_All",0,3.89720686428059,460.959000000001
"glmnet_0.9_700_FALSE_All",0,3.92867092976952,460.959000000001
"glmnet_1_700_FALSE_All",0,3.90384828491135,460.959000000001
"glmnet_0_800_FALSE_All",0,3.92681175454429,460.959000000001
"glmnet_0.1_800_FALSE_All",0,3.88624809086808,460.959000000001
"glmnet_0.2_800_FALSE_All",0,3.90894321150334,460.959000000001
"glmnet_0.3_800_FALSE_All",0,3.89561020823814,460.959000000001
"glmnet_0.4_800_FALSE_All",0,3.88941405649687,460.959000000001
"glmnet_0.5_800_FALSE_All",0,3.88493839996699,460.959000000001
"glmnet_0.6_800_FALSE_All",0,3.87391227881089,460.959000000001
"glmnet_0.7_800_FALSE_All",0,3.91545951300417,460.959000000001
"glmnet_0.8_800_FALSE_All",0,3.88947508346036,460.959000000001
"glmnet_0.9_800_FALSE_All",0,3.91773679706091,460.959000000001
"glmnet_1_800_FALSE_All",0,3.89276258624586,460.959000000001
"glmnet_0_900_FALSE_All",0,3.88130058945666,460.959000000001
"glmnet_0.1_900_FALSE_All",0,3.88618411851026,460.959000000001
"glmnet_0.2_900_FALSE_All",0,3.89943099978191,460.959000000001
"glmnet_0.3_900_FALSE_All",0,3.90261305596196,460.959000000001
"glmnet_0.4_900_FALSE_All",0,3.90069232651199,460.959000000001
"glmnet_0.5_900_FALSE_All",0,3.86617033916012,460.959000000001
"glmnet_0.6_900_FALSE_All",0,3.90267408963781,460.959000000001
"glmnet_0.7_900_FALSE_All",0,3.88622009483536,460.959000000001
"glmnet_0.8_900_FALSE_All",0,3.91723003407842,460.959000000001
"glmnet_0.9_900_FALSE_All",0,3.90131416589414,460.959000000001
"glmnet_1_900_FALSE_All",0,3.90680928464417,460.959000000001
"glmnet_0_1000_FALSE_All",0,3.92851869434083,460.959000000001
"glmnet_0.1_1000_FALSE_All",0,3.88028260207191,460.959000000001
"glmnet_0.2_1000_FALSE_All",0,3.89742376932147,460.959000000001
"glmnet_0.3_1000_FALSE_All",0,3.88524684929155,460.959000000001
"glmnet_0.4_1000_FALSE_All",0,3.87949840737882,460.959000000001
"glmnet_0.5_1000_FALSE_All",0,3.9077971836083,460.959000000001
"glmnet_0.6_1000_FALSE_All",0,3.89330083551239,460.959000000001
"glmnet_0.7_1000_FALSE_All",0,3.89509172110087,460.959000000001
"glmnet_0.8_1000_FALSE_All",0,3.90226004972716,460.959000000001
"glmnet_0.9_1000_FALSE_All",0,3.88553541845814,460.959000000001
"glmnet_1_1000_FALSE_All",0,3.90528043106731,460.959000000001
